{
  "project_info": {
    "project_number": "129140889062",
    "firebase_url": "https://blood-donation-app-ed01a-default-rtdb.firebaseio.com",
    "project_id": "blood-donation-app-ed01a",
    "storage_bucket": "blood-donation-app-ed01a.appspot.com"
  },
  "client": [
    {
      "client_info": {
        "mobilesdk_app_id": "1:129140889062:android:97c5bfac0b7b5815cb3227",
        "android_client_info": {
          "package_name": "com.blood_bank_management_system.blood_bank"
        }
      },
      "oauth_client": [
        {
          "client_id": "129140889062-25itjpmva4i720o5kj968qjnegsurm70.apps.googleusercontent.com",
          "client_type": 3
        }
      ],
      "api_key": [
        {
          "current_key": "AIzaSyBzkrct74BTTxfBD_RBdhBsRqspbIFrPLI"
        }
      ],
      "services": {
        "appinvite_service": {
          "other_platform_oauth_client": [
            {
              "client_id": "129140889062-25itjpmva4i720o5kj968qjnegsurm70.apps.googleusercontent.com",
              "client_type": 3
            }
          ]
        }
      }
    },
    {
      "client_info": {
        "mobilesdk_app_id": "1:129140889062:android:029ca4336bd0229dcb3227",
        "android_client_info": {
          "package_name": "com.udacity.nanodegree.blooddonation"
        }
      },
      "oauth_client": [
        {
          "client_id": "129140889062-25itjpmva4i720o5kj968qjnegsurm70.apps.googleusercontent.com",
          "client_type": 3
        }
      ],
      "api_key": [
        {
          "current_key": "AIzaSyBzkrct74BTTxfBD_RBdhBsRqspbIFrPLI"
        }
      ],
      "services": {
        "appinvite_service": {
          "other_platform_oauth_client": [
            {
              "client_id": "129140889062-25itjpmva4i720o5kj968qjnegsurm70.apps.googleusercontent.com",
              "client_type": 3
            }
          ]
        }
      }
    },
    {
      "client_info": {
        "mobilesdk_app_id": "1:129140889062:android:aea29220476c813ccb3227",
        "android_client_info": {
          "package_name": "com.vinayak09.bloodbankbyvinayak"
        }
      },
      "oauth_client": [
        {
          "client_id": "129140889062-25itjpmva4i720o5kj968qjnegsurm70.apps.googleusercontent.com",
          "client_type": 3
        }
      ],
      "api_key": [
        {
          "current_key": "AIzaSyBzkrct74BTTxfBD_RBdhBsRqspbIFrPLI"
        }
      ],
      "services": {
        "appinvite_service": {
          "other_platform_oauth_client": [
            {
              "client_id": "129140889062-25itjpmva4i720o5kj968qjnegsurm70.apps.googleusercontent.com",
              "client_type": 3
            }
          ]
        }
      }
    }
  ],
  "configuration_version": "1"
}